{
    "type": "object",
    "description": "Change nails color or apply textures",
    "required": [
        "color"
    ],
    "properties": {
        "color": {
            "type": "string",
            "default": "0 0 0",
            "description": "Set nails color"
        },
        "gloss": {
            "type": "number",
            "minimum": 0,
            "maximum" : 60,
            "description": "Gloss of the nails color in the range of [0, 60] (recommended)"
        },
        "textures": {
            "type": "array",
            "items": {
                "type": "string",
                "default": ""
            },
            "minItems": 0,
            "maxItems": 5,
            "description": "5-element array of texture's filenames of each nail. They will be applied over the selected color."
        }
    }
}